date,index,close,fpe,ntm,tpe,cpe,median_fpe,fpe_cov,ntm_cov,members
2026-09-28,COMP,26820.38,20.23,22.81,,28.56,13.66,0.975,0.862,3402
2026-09-28,DJI,51481.51,20.57,21.48,25.03,26.03,17.7,0.987,0.987,30
2026-09-28,MID,3622.0,14.71,,23.49,16.53,14.27,0.94,0.012,400
2026-09-28,NDX,30276.81,21.48,23.16,31.61,30.24,21.7,0.985,0.982,101
2026-09-28,RUT,2817.91,18.87,,171.87,24.92,13.03,0.905,0.003,2000
2026-09-28,SML,1671.7,13.84,,36.86,15.9,13.31,0.938,0.0,603
2026-09-28,SOX,12465.24,17.04,18.64,38.54,27.96,26.58,0.995,0.995,30
2026-09-28,SPX,7683.69,18.73,19.53,25.71,22.95,16.37,0.979,0.979,503
2026-09-28,TSX,35489.9,15.73,,21.25,19.2,14.24,0.965,0.0,219
