date,symbol,price,fpe,ntm,tpe,fe,ne,e0,e1,mc
2026-09-28,A,174.31,25.8,25.99,34.45,6.757,6.707,6.202,6.757,49149460480
2026-09-28,AAPL,341.17,35.59,35.63,39.08,9.585,9.574,8.819,9.578,4979098124288
2026-09-28,ABBV,266.13,16.36,16.95,74.97,16.264,15.7,14.012,16.285,470291775488
2026-09-28,ABNB,156.47,25.29,26.06,35.72,6.187,6.005,5.313,6.245,93691994112
2026-09-28,ABT,100.89,16.63,17.03,32.65,6.065,5.925,5.52,6.065,174578368512
2026-09-28,ACGL,95.15,9.76,9.86,7.45,9.751,9.654,9.373,9.751,32467951616
2026-09-28,ACN,174.33,11.89,11.89,13.92,14.664,14.664,13.867,14.664,106678214656
2026-09-28,ADBE,230.19,8.32,8.49,12.85,27.673,27.123,24.481,27.673,91502518272
2026-09-28,ADI,390.42,23.88,24.35,46.37,16.348,16.036,12.895,16.348,189184065536
2026-09-28,ADM,81.22,14.32,14.44,22.19,5.67,5.626,5.5,5.67,39144759296
2026-09-28,ADP,263.86,19.69,21.04,24.12,13.398,12.54,12.258,13.398,104554930176
2026-09-28,ADSK,207.25,14.6,15.18,26.81,14.199,13.656,12.612,14.199,43315249152
2026-09-28,AEE,98.84,17.02,17.27,17.4,5.808,5.722,5.398,5.834,27363186688
2026-09-28,AEP,117.48,17.13,17.44,20.33,6.857,6.735,6.382,6.857,63955804160
2026-09-28,AES,14.86,6.27,6.33,5.57,2.37,2.349,2.287,2.37,10601698304
2026-09-28,AFL,113.89,15.1,15.38,12.29,7.541,7.406,7.015,7.541,57097986048
2026-09-28,AIG,73.33,8.35,8.53,13.38,8.787,8.596,8.045,8.787,38343757824
2026-09-28,AIZ,264.32,11.28,11.43,12.66,23.433,23.133,22.265,23.433,13037505536
2026-09-28,AJG,228.22,15.36,15.83,37.85,14.863,14.416,13.127,14.863,58503426048
2026-09-28,AKAM,110.59,16.21,16.26,40.07,6.823,6.8,6.642,6.854,15893618688
2026-09-28,ALAB,343.24,53.69,59.32,168.25,6.393,5.786,4.032,6.393,59547025408
2026-09-28,ALB,106.73,9.45,9.39,395.31,11.297,11.366,11.565,11.297,12595269632
2026-09-28,ALGN,144.39,11.55,11.84,25.11,12.505,12.192,11.29,12.505,10257444864
2026-09-28,ALL,227.84,8.21,7.68,4.56,27.741,29.676,35.26,27.741,57611153408
2026-09-28,ALLE,152.76,15.63,15.97,20.05,9.773,9.563,8.956,9.773,12990388224
2026-09-28,ALNY,252.5,20.25,21.88,44.07,12.471,11.538,8.845,12.471,33786802176
2026-09-28,AMAT,477.07,25.84,26.54,41.16,18.46,17.975,12.869,18.482,378605502464
2026-09-28,AMCR,42.31,9.71,9.9,17.78,4.357,4.275,4.037,4.357,19561846784
2026-09-28,AMD,601.57,38.62,44.5,153.85,15.578,13.519,7.576,15.578,982047981568
2026-09-28,AME,249.47,25.93,26.85,36.42,9.62,9.291,8.341,9.62,57193803776
2026-09-28,AMGN,415.89,17.01,17.26,25.85,24.449,24.09,23.056,24.449,224843448320
2026-09-28,AMP,494.16,9.56,9.82,11.93,51.668,50.345,46.527,51.668,43650744320
2026-09-28,AMT,167.5,23.89,23.92,23.04,7.01,7.003,6.984,7.01,78048313344
2026-09-28,AMZN,246.41,23.52,22.17,19.82,10.475,11.114,12.879,10.503,2657855471616
2026-09-28,ANET,205.26,39.57,41.8,65.16,5.187,4.911,4.112,5.187,258885287936
2026-09-28,AON,271.65,13.39,13.66,14.97,20.295,19.893,18.736,20.295,57623875584
2026-09-28,AOS,57.71,14.12,14.44,16.08,4.086,3.997,3.739,4.086,7843283968
2026-09-28,APA,43.12,9.64,8.78,9.1,4.47,4.912,6.187,4.47,15105405952
2026-09-28,APD,278.69,19.3,19.31,,14.437,14.431,13.454,14.437,62061346816
2026-09-28,APH,82.73,25.22,26.49,41.37,3.28,3.123,2.669,3.28,204009439232
2026-09-28,APO,120.05,11.18,11.74,42.72,10.736,10.229,8.765,10.736,70891757568
2026-09-28,APP,308.06,14.68,16.31,23.66,20.981,18.887,15.666,20.003,103489527808
2026-09-28,APTV,43.58,6.63,6.85,19.72,6.571,6.362,5.758,6.571,9047622656
2026-09-28,ARE,48.25,-59.57,,,-0.81,-0.227,1.457,-0.81,8303597056
2026-09-28,ARES,118.19,16.44,17.27,54.22,7.191,6.842,5.838,7.191,39213293568
2026-09-28,ARM,283.29,92.74,107.48,286.15,3.055,2.636,2.223,3.055,302553333760
2026-09-28,ASML,1752.75,29.75,36.31,60.54,58.912,48.275,38.325,51.722,673231273984
2026-09-28,ATO,156.53,17.35,17.36,18.63,9.021,9.018,8.461,9.021,26451779584
2026-09-28,AVGO,349.95,18.05,18.73,44.69,19.384,18.684,11.658,19.381,1670555631616
2026-09-28,AVY,169.78,15.18,15.53,18.55,11.186,10.929,10.186,11.186,12866931712
2026-09-28,AWK,129.08,19.66,20.04,22.37,6.566,6.442,6.085,6.566,25651939328
2026-09-28,AXON,428.7,40.62,43.7,177.88,10.553,9.811,7.67,10.553,34826481664
2026-09-28,AXP,305.71,15.15,15.65,18.54,20.178,19.53,17.697,20.165,206448967680
2026-09-28,AZO,2886.72,15.01,16.85,19.86,192.285,171.313,169.717,190.356,46687006720
2026-09-28,BA,188.61,45.02,66.54,68.09,4.19,2.835,-1.076,4.19,149071691776
2026-09-28,BAC,55.92,10.58,10.95,12.91,5.288,5.106,4.634,5.269,391034470400
2026-09-28,BALL,56.44,12.48,12.84,16.17,4.523,4.395,4.025,4.523,14939856896
2026-09-28,BAX,23.44,11.51,11.5,,2.036,2.039,2.047,2.036,12118386688
2026-09-28,BBY,88.25,12.23,12.46,14.68,7.213,7.083,6.832,7.213,18508468224
2026-09-28,BDX,182.74,13.75,13.75,31.67,13.292,13.289,12.623,13.292,49775968256
2026-09-28,BE,261.82,53.12,60.1,335.67,4.929,4.357,2.706,4.929,77114630144
2026-09-28,BEN,32.54,10.2,10.21,22.14,3.189,3.188,2.894,3.189,16532823040
2026-09-28,BF-B,25.74,15.02,15.13,16.61,1.714,1.702,1.693,1.714,11811166208
2026-09-28,BG,109.43,9.72,10.1,23.59,11.262,10.838,9.615,11.262,21024460800
2026-09-28,BIIB,228.92,13.84,14.76,40.73,16.536,15.507,12.538,16.536,33823846400
2026-09-28,BKNG,163.65,13.23,13.78,18.18,12.368,11.874,10.448,12.368,122959659008
2026-09-28,BKR,58.19,18.71,19.51,18.71,3.111,2.983,2.614,3.111,57763700736
2026-09-28,BLK,1067.9,16.61,17.16,25.6,64.287,62.22,56.257,64.287,173508329472
2026-09-28,BMY,63.35,9.65,9.51,13.95,6.565,6.664,6.949,6.565,129405968384
2026-09-28,BNY,149.26,14.56,14.93,17.42,10.25,9.995,9.259,10.25,101273526272
2026-09-28,BR,162.66,14.05,15.06,16.94,11.576,10.802,10.549,11.576,18546786304
2026-09-28,BRK-B,505.04,22.76,22.74,12.7,22.193,22.208,22.253,22.193,1081144049664
2026-09-28,BRO,60.41,12.52,12.75,19.3,4.825,4.737,4.482,4.825,20215486464
2026-09-28,BSX,43.76,12.82,12.96,17.71,3.413,3.376,3.269,3.413,63411040256
2026-09-28,BX,115.03,15.37,16.19,25.79,7.485,7.107,6.016,7.485,137495101440
2026-09-28,BXP,62.22,27.99,28.41,33.45,2.223,2.19,2.097,2.223,11254971392
2026-09-28,C,132.35,10.25,10.63,14.26,12.91,12.455,11.144,12.91,222017142784
2026-09-28,CAH,220.36,15.68,17.04,30.52,14.058,12.935,12.566,14.058,51026440192
2026-09-28,CARR,54.99,16.6,17.17,39.28,3.312,3.203,2.885,3.313,45333753856
2026-09-28,CASY,611.25,26.06,27.55,29.43,23.453,22.188,21.325,23.409,22591901696
2026-09-28,CAT,812.89,25.11,26.19,34.96,32.377,31.041,27.187,32.377,373665103872
2026-09-28,CB,330.75,11.36,11.51,11.71,29.103,28.747,27.721,29.103,127603310592
2026-09-28,CBOE,255.08,16.76,17.08,19.9,15.223,14.937,14.111,15.223,26638264320
2026-09-28,CBRE,129.9,14.28,14.82,29.73,9.095,8.766,7.814,9.095,37615828992
2026-09-28,CCEP,101.91,18.24,21.23,20.18,5.588,4.8,4.493,4.906,44849008640
2026-09-28,CCI,66.35,22.98,24.24,27.08,2.887,2.738,2.305,2.887,28994512896
2026-09-28,CCL,22.14,8.56,8.78,9.97,2.586,2.522,2.214,2.586,30317185024
2026-09-28,CDNS,325.26,34.03,39.02,64.79,9.558,8.335,4.806,9.558,89574326272
2026-09-28,CDW,129.82,10.81,11.06,15.6,12.015,11.743,10.959,12.015,16230386688
2026-09-28,CEG,257.76,19.35,19.8,25.17,13.32,13.017,12.144,13.32,91326275584
2026-09-28,CF,115.94,10.83,9.63,8.59,10.704,12.037,15.097,10.976,17545385984
2026-09-28,CFG,64.78,9.92,10.43,14.11,6.529,6.211,5.292,6.529,27285940224
2026-09-28,CHD,95.07,23.56,23.96,30.47,4.035,3.967,3.771,4.035,22550974464
2026-09-28,CHRW,146.58,19.54,20.42,27.97,7.501,7.177,6.243,7.501,17128056832
2026-09-28,CHTR,112.29,2.68,2.7,2.92,41.86,41.609,40.682,41.93,14592939008
2026-09-28,CI,269.94,8.08,8.26,11.16,33.423,32.673,30.509,33.423,71329079296
2026-09-28,CIEN,343.12,29.09,34.46,76.93,11.795,9.958,7.167,10.235,48656629760
2026-09-28,CINF,162.04,17.94,18.25,7.65,9.031,8.879,8.441,9.031,24869582848
2026-09-28,CL,86.0,20.97,21.28,33.86,4.101,4.042,3.873,4.101,68556861440
2026-09-28,CLX,81.06,12.95,13.72,16.85,6.261,5.907,5.791,6.261,9802667008
2026-09-28,CMCSA,21.67,6.06,6.1,6.95,3.576,3.555,3.494,3.576,76898959360
2026-09-28,CME,264.87,20.49,20.77,22.45,12.926,12.752,12.251,12.926,95239954432
2026-09-28,CMG,32.23,23.51,24.53,29.85,1.371,1.314,1.15,1.371,40790749184
2026-09-28,CMI,516.27,14.91,15.9,26.37,34.624,32.466,28.602,33.805,71072735232
2026-09-28,CMS,62.6,15.06,15.33,18.86,4.155,4.082,3.871,4.155,19629928448
2026-09-28,CNC,62.1,11.61,11.88,,5.348,5.229,4.885,5.348,30679560192
2026-09-28,CNP,36.68,17.57,17.96,21.83,2.087,2.042,1.911,2.087,24161859584
2026-09-28,COF,197.82,8.21,8.64,10.89,24.093,22.9,20.224,23.827,121359581184
2026-09-28,COHR,278.65,19.97,26.44,67.8,13.955,10.538,9.416,13.955,54568652800
2026-09-28,COIN,192.08,67.75,121.26,,2.835,1.584,-2.026,2.835,50677796864
2026-09-28,COO,55.8,11.89,11.93,19.18,4.694,4.679,4.53,4.694,10611616768
2026-09-28,COP,127.67,13.22,12.9,16.89,9.661,9.899,10.586,9.661,153380765696
2026-09-28,COR,304.88,15.38,15.39,22.63,19.826,19.815,17.878,19.826,58179387392
2026-09-28,COST,928.38,37.17,40.46,44.72,24.978,22.946,22.778,24.942,411519287296
2026-09-28,CPAY,395.02,12.56,12.99,24.03,31.448,30.404,27.393,31.448,25936855040
2026-09-28,CPRT,27.2,15.53,15.36,17.55,1.751,1.77,,1.77,25177442304
2026-09-28,CPT,97.15,89.13,69.38,32.06,1.09,1.4,2.295,1.09,11243419648
2026-09-28,CRDO,190.71,19.65,24.73,66.91,9.705,7.713,6.305,9.705,35843387392
2026-09-28,CRH,83.04,12.79,13.07,14.67,6.494,6.352,5.848,6.527,55245221888
2026-09-28,CRL,292.77,23.06,23.72,,12.694,12.344,11.332,12.694,14102305792
2026-09-28,CRM,228.16,14.25,14.03,20.87,16.007,16.263,16.755,16.007,187774369792
2026-09-28,CRWD,258.84,161.18,174.16,8628.0,1.606,1.486,1.256,1.606,265035284480
2026-09-28,CRWV,84.2,-46.2,,,-1.822,-4.553,-5.116,-4.357,46439378944
2026-09-28,CSCO,107.09,19.05,20.5,32.16,5.622,5.224,5.147,5.622,422211616768
2026-09-28,CSGP,26.96,15.2,16.17,149.78,1.774,1.668,1.361,1.774,10924127232
2026-09-28,CSX,46.79,20.57,21.23,27.2,2.274,2.204,2.006,2.273,86677299200
2026-09-28,CTAS,200.66,32.58,35.09,39.5,6.159,5.719,5.515,6.134,80169074688
2026-09-28,CTSH,56.5,8.92,9.14,12.12,6.332,6.18,5.743,6.332,25450098688
2026-09-28,CTVA,78.19,18.96,23.21,47.39,4.124,3.369,3.766,3.232,52168060928
2026-09-28,CVNA,60.19,26.61,28.69,31.84,2.262,2.098,1.567,2.282,66712891392
2026-09-28,CVS,88.72,10.4,10.56,23.41,8.529,8.404,8.043,8.529,113470251008
2026-09-28,CVX,207.92,14.71,13.91,20.01,14.137,14.946,16.588,14.376,407856545792
2026-09-28,D,59.96,15.72,15.97,20.75,3.814,3.755,3.585,3.814,52736376832
2026-09-28,DAL,82.48,9.94,10.43,13.68,8.3,7.905,6.091,8.533,54240751616
2026-09-28,DASH,179.97,22.1,45.04,94.23,8.144,3.996,2.586,4.484,77982801920
2026-09-28,DD,130.15,16.34,16.72,55.86,7.965,7.783,7.26,7.965,17575682048
2026-09-28,DDOG,269.68,90.7,94.34,528.78,2.973,2.859,2.527,2.973,96835346432
2026-09-28,DE,682.9,29.9,30.48,37.9,22.843,22.403,18.125,22.828,184127193088
2026-09-28,DECK,77.81,9.35,9.81,11.07,8.326,7.929,7.513,8.351,10596310016
2026-09-28,DELL,540.63,18.57,21.55,31.49,29.117,25.086,25.898,24.664,343741923328
2026-09-28,DG,123.51,14.9,15.04,16.04,8.289,8.21,7.907,8.367,27248379904
2026-09-28,DGX,235.01,19.49,19.85,24.95,12.058,11.837,11.191,12.061,25938302976
2026-09-28,DHI,139.7,12.01,12.2,13.32,11.63,11.45,10.423,11.456,39073566720
2026-09-28,DHR,225.58,24.26,24.8,40.21,9.299,9.095,8.508,9.299,158579589120
2026-09-28,DIS,104.83,14.01,14.02,21.62,7.481,7.478,6.921,7.481,181017214976
2026-09-28,DLR,177.62,64.31,61.86,86.64,2.762,2.871,3.187,2.762,67080626176
2026-09-28,DLTR,115.49,14.6,14.65,14.15,7.912,7.881,7.829,7.908,21669423104
2026-09-28,DOC,20.07,143.32,157.83,57.33,0.14,0.127,0.09,0.14,14225027072
2026-09-28,DOV,190.28,16.34,16.7,23.01,11.643,11.392,10.669,11.643,25627627520
2026-09-28,DOW,28.18,16.08,14.7,,1.753,1.917,2.389,1.753,20359174144
2026-09-28,DPZ,290.64,13.93,14.22,16.47,20.86,20.433,19.041,20.915,9614957568
2026-09-28,DRI,195.43,15.76,16.8,18.72,12.397,11.636,11.257,12.407,22189465600
2026-09-28,DTE,120.78,14.44,14.74,19.14,8.365,8.196,7.709,8.365,25132875776
2026-09-28,DUK,113.03,15.76,16.03,17.02,7.171,7.053,6.71,7.171,88129740800
2026-09-28,DVA,181.15,10.57,10.96,15.35,17.143,16.533,14.773,17.143,11557051392
2026-09-28,DVN,47.44,8.8,9.59,10.31,5.388,4.944,5.396,4.788,52178501632
2026-09-28,DXCM,86.46,27.68,28.77,34.17,3.124,3.005,2.662,3.124,32626612224
2026-09-28,EBAY,108.15,16.1,16.48,22.72,6.719,6.564,6.128,6.715,48126750720
2026-09-28,ECHO,88.94,3.91,3.29,,22.73,27.003,39.335,22.73,25865160704
2026-09-28,ECL,279.42,29.67,30.72,37.46,9.416,9.095,8.168,9.416,78329421824
2026-09-28,ED,102.97,15.87,16.09,16.91,6.49,6.398,6.107,6.499,38081257472
2026-09-28,EFX,144.52,14.22,14.82,25.4,10.161,9.75,8.563,10.161,16978894848
2026-09-28,EG,370.12,6.19,6.35,7.82,59.772,58.33,54.166,59.772,14191413248
2026-09-28,EIX,51.48,7.92,8.04,5.31,6.503,6.405,6.121,6.503,19808299008
2026-09-28,EL,93.3,23.83,26.89,186.6,3.916,3.469,3.323,3.916,33755807744
2026-09-28,ELV,393.84,13.33,13.61,17.41,29.54,28.929,27.166,29.54,85411799040
2026-09-28,EME,757.14,20.6,21.18,23.59,36.749,35.746,32.851,36.749,33397592064
2026-09-28,EMR,157.83,21.74,21.75,34.54,7.261,7.258,6.56,7.261,88037572608
2026-09-28,ENTG,147.06,29.32,31.06,73.53,5.016,4.734,3.922,5.016,22470768640
2026-09-28,EOG,141.75,9.5,9.16,11.02,14.921,15.468,17.045,14.921,74354638848
2026-09-28,EQIX,1010.58,54.27,54.84,65.11,18.62,18.428,17.875,18.62,99715440640
2026-09-28,EQT,49.96,13.08,12.16,11.59,3.821,4.107,3.998,4.145,31250780160
2026-09-28,ERIE,219.91,15.7,17.32,19.97,14.01,12.7,12.7,,11499065344
2026-09-28,ES,62.87,12.79,12.97,16.33,4.916,4.848,4.651,4.916,23681542144
2026-09-28,ESS,269.89,42.84,44.3,42.1,6.3,6.093,5.497,6.3,18604298240
2026-09-28,ETN,424.3,26.33,27.44,43.25,16.118,15.46,13.563,16.118,164798119936
2026-09-28,ETR,97.07,19.02,19.72,24.83,5.104,4.923,4.399,5.104,46377857024
2026-09-28,EVRG,77.53,16.98,17.28,19.73,4.565,4.486,4.259,4.565,17875871744
2026-09-28,EW,86.68,25.67,26.43,51.6,3.377,3.28,2.999,3.377,49962352640
2026-09-28,EXC,40.11,13.2,13.41,14.75,3.038,2.992,2.857,3.038,41323487232
2026-09-28,EXE,85.69,10.02,9.97,7.39,8.555,8.592,8.699,8.555,19837073408
2026-09-28,EXPD,186.72,23.46,23.4,27.22,7.959,7.981,7.721,8.071,24271849472
2026-09-28,EXPE,261.83,10.7,11.11,16.47,24.466,23.572,20.991,24.466,31425380352
2026-09-28,EXR,131.21,27.27,27.49,28.96,4.812,4.773,4.66,4.812,28957278208
2026-09-28,F,12.39,6.34,6.41,,1.954,1.932,1.861,1.956,49406312448
2026-09-28,FANG,187.64,10.0,9.71,35.74,18.762,19.316,20.913,18.762,52542910464
2026-09-28,FAST,50.34,35.89,36.94,43.03,1.403,1.363,1.262,1.398,57770766336
2026-09-28,FCX,71.44,17.25,18.51,35.02,4.142,3.86,3.046,4.142,102596272128
2026-09-28,FDS,270.58,13.72,13.72,17.83,19.725,19.725,17.831,19.725,9623502848
2026-09-28,FDX,284.24,13.62,14.18,15.32,20.862,20.05,17.715,20.86,67271200768
2026-09-28,FDXF,111.88,20.68,20.68,25.54,5.41,5.41,4.305,5.41,16728087552
2026-09-28,FE,42.73,14.49,14.77,23.1,2.949,2.894,2.733,2.949,24725284864
2026-09-28,FER,55.37,41.05,48.13,58.9,1.349,1.15,1.053,1.184,39882575872
2026-09-28,FERG,223.32,17.82,18.27,21.98,12.534,12.22,11.313,12.534,43201863680
2026-09-28,FFIV,437.2,24.19,24.19,34.86,18.077,18.073,17.331,18.077,24757405696
2026-09-28,FICO,839.08,15.83,15.85,24.31,53.01,52.955,43.023,53.01,18122145792
2026-09-28,FIS,34.72,5.18,5.28,5.33,6.699,6.569,6.194,6.699,17902731264
2026-09-28,FISV,46.28,5.77,5.9,8.87,8.024,7.842,7.242,8.05,24610162688
2026-09-28,FITB,51.61,10.42,11.67,17.38,4.955,4.423,3.068,4.893,46804725760
2026-09-28,FIX,1639.87,27.25,28.62,40.35,60.178,57.303,49.007,60.178,57713946624
2026-09-28,FLEX,110.69,15.57,18.73,42.74,7.111,5.909,4.724,7.111,40887365632
2026-09-28,FOX,56.41,9.82,,14.69,5.745,,,,23784501248
2026-09-28,FOXA,63.0,10.77,10.66,16.41,5.848,5.909,5.93,5.848,26565439488
2026-09-28,FRT,109.14,34.21,31.58,22.05,3.19,3.456,4.223,3.19,9540837376
2026-09-28,FSLR,173.14,7.45,7.97,10.67,23.249,21.722,17.49,23.189,18607319040
2026-09-28,FTNT,176.37,46.68,47.75,62.32,3.778,3.693,3.45,3.778,129401413632
2026-09-28,FTV,55.18,16.98,17.31,29.2,3.251,3.188,3.017,3.248,16665300992
2026-09-28,GD,336.03,18.08,18.47,20.49,18.587,18.195,16.989,18.613,90915332096
2026-09-28,GDDY,94.88,8.6,10.85,14.1,11.027,8.743,7.399,9.209,12016333824
2026-09-28,GE,317.9,35.03,34.43,37.53,9.074,9.232,7.915,9.689,329841115136
2026-09-28,GEHC,66.19,12.23,12.52,15.25,5.412,5.287,4.926,5.412,29897113600
2026-09-28,GEN,21.05,6.37,6.76,12.31,3.307,3.114,2.923,3.307,12603249664
2026-09-28,GEV,949.88,37.8,36.01,27.25,25.126,26.377,30.781,24.85,252983607296
2026-09-28,GFS,46.81,17.84,19.09,36.57,2.624,2.452,1.957,2.624,26092822528
2026-09-28,GILD,151.46,15.32,20.94,,9.889,7.234,-0.426,9.889,187803615232
2026-09-28,GIS,33.81,10.7,10.88,,3.16,3.108,3.082,3.16,18077773824
2026-09-28,GL,167.94,10.17,10.3,11.17,16.518,16.31,15.71,16.518,12906096640
2026-09-28,GLW,150.39,34.46,36.81,69.62,4.364,4.086,3.281,4.364,129544192000
2026-09-28,GM,81.18,5.4,5.54,36.24,15.038,14.653,13.509,15.05,73423372288
2026-09-28,GNRC,201.72,16.17,17.15,46.37,12.472,11.763,9.718,12.472,11914673152
2026-09-28,GOOG,337.18,22.33,23.69,16.93,15.101,14.232,11.81,15.072,4123689484288
2026-09-28,GOOGL,340.09,22.52,20.73,17.08,15.101,16.406,20.637,14.94,4159278678016
2026-09-28,GPC,128.58,15.48,15.76,514.32,8.305,8.159,7.739,8.305,17726007296
2026-09-28,GPN,84.49,5.28,5.49,40.04,16.01,15.403,13.649,16.01,22357606400
2026-09-28,GRMN,291.76,26.2,26.83,30.14,11.134,10.875,10.126,11.134,56267624448
2026-09-28,GS,917.74,12.48,12.66,14.18,73.529,72.491,69.561,73.506,267219632128
2026-09-28,GWW,1250.02,24.54,25.11,31.82,50.941,49.776,46.415,50.941,58876887040
2026-09-28,HAL,32.78,11.29,11.89,17.16,2.904,2.758,2.346,2.9,27314178048
2026-09-28,HAS,88.09,13.52,13.72,15.67,6.514,6.421,6.155,6.514,12424606720
2026-09-28,HBAN,15.38,8.66,9.0,11.83,1.776,1.708,1.536,1.768,31063877632
2026-09-28,HCA,435.28,13.6,13.88,14.59,32.016,31.366,29.489,32.016,94238777344
2026-09-28,HD,291.04,18.16,18.56,20.38,16.025,15.682,15.022,16.025,290367602688
2026-09-28,HIG,125.34,9.16,9.32,8.65,13.682,13.444,12.756,13.682,33951094784
2026-09-28,HII,258.85,12.42,12.79,15.42,20.835,20.237,18.513,20.835,10200023040
2026-09-28,HLT,316.59,30.28,31.37,46.49,10.455,10.092,9.043,10.455,71253303296
2026-09-28,HON,210.22,21.26,22.17,8.08,9.891,9.482,8.302,9.891,66628714496
2026-09-28,HONA,156.26,17.19,18.93,47.79,9.088,8.254,6.65,9.088,49527033856
2026-09-28,HOOD,116.24,34.34,44.3,51.43,3.385,2.624,2.098,2.806,104509325312
2026-09-28,HPE,61.53,13.38,13.59,31.72,4.597,4.528,3.824,4.597,81678909440
2026-09-28,HPQ,31.21,9.95,9.92,11.91,3.138,3.148,3.245,3.138,28144896000
2026-09-28,HRL,19.65,12.65,12.7,31.69,1.554,1.548,1.487,1.554,10814392320
2026-09-28,HSIC,85.66,14.3,14.69,24.97,5.99,5.832,5.376,5.99,9545953280
2026-09-28,HST,22.43,21.25,19.72,15.05,1.056,1.137,1.374,1.056,15582783488
2026-09-28,HSY,165.43,16.78,17.39,22.6,9.86,9.513,8.49,9.868,33238128640
2026-09-28,HUBB,462.52,20.18,20.75,27.38,22.92,22.29,20.473,22.92,24436121600
2026-09-28,HUM,398.11,23.99,27.12,37.63,16.592,14.678,9.155,16.592,47805169664
2026-09-28,HWM,228.59,35.4,37.06,49.16,6.458,6.169,5.335,6.458,91162009600
2026-09-28,IBKR,87.22,27.29,28.41,34.61,3.196,3.07,2.707,3.196,148606795776
2026-09-28,IBM,219.7,16.71,16.99,19.53,13.148,12.932,12.31,13.148,206986919936
2026-09-28,ICE,153.67,17.46,17.81,21.71,8.801,8.628,8.128,8.801,86271451136
2026-09-28,IDXX,522.27,31.2,32.15,36.7,16.737,16.246,14.827,16.737,41145016320
2026-09-28,IEX,230.06,23.9,24.42,33.1,9.626,9.42,8.826,9.626,16959998976
2026-09-28,IFF,85.41,21.56,22.57,,3.961,3.785,3.276,3.961,21792360448
2026-09-28,ILMN,270.68,44.34,45.78,50.41,6.105,5.912,5.355,6.105,40872677376
2026-09-28,INCY,123.68,13.92,16.59,15.76,8.885,7.455,3.424,8.851,25070082048
2026-09-28,INTC,114.94,55.74,59.79,,2.062,1.923,1.52,2.062,607611322368
2026-09-28,INTU,269.42,9.95,11.08,16.37,27.075,24.31,23.774,27.075,71998726144
2026-09-28,INVH,26.38,37.1,36.0,24.2,0.711,0.733,0.796,0.711,15577688064
2026-09-28,IP,33.97,11.25,13.14,,3.02,2.585,1.33,3.02,17986840576
2026-09-28,IQV,270.66,18.72,19.23,33.71,14.459,14.075,12.965,14.459,44550635520
2026-09-28,IR,75.86,19.37,19.84,31.35,3.917,3.824,3.555,3.917,29435576320
2026-09-28,IRM,110.56,40.5,41.5,78.41,2.73,2.664,2.475,2.73,32914022400
2026-09-28,ISRG,413.31,34.18,35.16,47.45,12.092,11.754,10.779,12.092,148078100480
2026-09-28,IT,185.1,11.32,11.66,16.65,16.359,15.875,14.481,16.359,11688876032
2026-09-28,ITW,272.5,21.97,22.41,24.7,12.401,12.159,11.456,12.403,77606576128
2026-09-28,IVZ,30.12,9.24,9.58,,3.261,3.144,2.807,3.261,13300180992
2026-09-28,J,137.54,16.64,16.65,45.54,8.267,8.262,7.267,8.267,16097478656
2026-09-28,JBHT,226.23,22.58,24.1,32.18,10.018,9.388,7.57,10.018,21246375936
2026-09-28,JBL,311.88,18.48,18.48,39.08,16.88,16.88,12.765,16.88,32680996864
2026-09-28,JCI,147.02,24.21,24.22,41.53,6.073,6.071,5.065,6.076,89056108544
2026-09-28,JKHY,147.75,18.81,19.99,21.23,7.853,7.39,7.233,7.869,10359138304
2026-09-28,JNJ,272.19,22.42,22.94,31.58,12.138,11.864,11.073,12.138,655938224128
2026-09-28,JPM,338.82,13.53,13.65,14.52,25.05,24.829,24.194,25.05,900660002816
2026-09-28,KDP,31.32,12.36,12.67,31.64,2.535,2.472,2.293,2.535,42622296064
2026-09-28,KEY,20.41,9.56,9.92,11.93,2.135,2.058,1.834,2.135,21774759936
2026-09-28,KEYS,357.19,25.75,26.16,48.33,13.872,13.655,11.474,13.872,60809723904
2026-09-28,KHC,23.59,11.3,11.36,,2.088,2.078,2.049,2.088,27979509760
2026-09-28,KIM,22.37,25.42,25.61,26.01,0.88,0.874,0.855,0.88,15005558784
2026-09-28,KKR,93.28,12.59,13.08,29.8,7.409,7.129,6.321,7.409,86147907584
2026-09-28,KLAC,185.44,27.65,32.17,50.67,6.705,5.764,5.455,6.705,241993875456
2026-09-28,KMB,97.97,13.1,13.16,19.36,7.481,7.444,7.379,7.466,32582768640
2026-09-28,KMI,30.75,19.91,19.84,19.84,1.545,1.55,1.565,1.545,68463034368
2026-09-28,KO,87.15,24.71,25.12,26.17,3.526,3.469,3.302,3.527,374967140352
2026-09-28,KR,59.78,10.86,11.07,32.31,5.503,5.399,5.189,5.508,35305390080
2026-09-28,KVUE,17.75,14.32,14.49,20.89,1.24,1.225,1.182,1.24,34103332864
2026-09-28,L,104.86,36.16,,12.87,2.9,,,,21436289024
2026-09-28,LDOS,121.61,9.54,9.61,11.36,12.75,12.66,12.399,12.75,15260480512
2026-09-28,LEN,82.1,15.58,15.74,15.55,5.271,5.215,4.95,5.271,19777490944
2026-09-28,LH,309.05,15.57,15.88,25.58,19.844,19.459,18.347,19.844,25063550976
2026-09-28,LHX,238.86,17.64,18.13,24.1,13.539,13.172,12.111,13.539,44479225856
2026-09-28,LII,365.37,13.99,14.35,16.24,26.119,25.47,23.596,26.119,12627261440
2026-09-28,LIN,469.71,24.02,25.98,30.28,19.559,18.082,17.878,18.153,216526979072
2026-09-28,LITE,888.0,25.72,35.74,,34.52,24.846,21.671,34.52,79653601280
2026-09-28,LLY,1188.85,25.11,26.54,39.87,47.344,44.787,36.932,47.51,1060142252032
2026-09-28,LMT,520.95,15.9,16.19,19.21,32.754,32.171,30.481,32.756,120230445056
2026-09-28,LNT,62.89,17.06,17.38,19.9,3.686,3.62,3.424,3.687,16306414592
2026-09-28,LOW,187.61,14.4,14.68,15.86,13.028,12.784,12.315,13.028,105259343872
2026-09-28,LRCX,308.79,26.3,30.7,53.52,11.74,10.057,9.505,11.74,386421096448
2026-09-28,LSCC,123.07,38.31,41.93,473.35,3.213,2.935,2.132,3.213,17479665664
2026-09-28,LULU,99.7,11.53,11.11,8.21,8.646,8.976,9.63,8.636,11037789184
2026-09-28,LUV,41.74,8.83,9.61,26.09,4.729,4.342,3.224,4.729,20419551232
2026-09-28,LVS,38.78,11.05,11.4,15.03,3.511,3.403,3.091,3.511,25121089536
2026-09-28,LYB,59.09,9.37,8.43,,6.306,7.01,9.039,6.306,19088312320
2026-09-28,LYV,172.61,91.42,133.98,,1.888,1.288,-0.442,1.888,40211140608
2026-09-28,MA,566.97,24.62,25.51,31.22,23.025,22.228,19.93,23.025,496671326208
2026-09-28,MAA,117.7,35.89,35.74,34.42,3.28,3.293,3.736,3.14,14002037760
2026-09-28,MAR,355.04,26.99,27.76,36.79,13.157,12.788,11.724,13.157,92582461440
2026-09-28,MAS,67.69,14.54,14.64,15.6,4.656,4.623,4.531,4.655,13347637248
2026-09-28,MCD,234.39,16.9,17.21,19.03,13.867,13.619,12.901,13.868,165864095744
2026-09-28,MCHP,76.65,16.72,18.64,112.72,4.584,4.111,3.646,4.584,41621618688
2026-09-28,MCK,860.29,17.05,18.11,23.08,50.469,47.513,44.654,50.414,100301520896
2026-09-28,MCO,461.36,24.38,25.05,29.65,18.924,18.421,16.968,18.924,79898779648
2026-09-28,MDLZ,60.1,17.89,18.32,22.02,3.36,3.28,3.049,3.36,76712501248
2026-09-28,MDT,88.04,13.74,14.31,21.68,6.406,6.153,5.974,6.406,112615301120
2026-09-28,MELI,1720.6,30.78,33.82,46.76,55.9,50.88,37.89,55.382,87228915712
2026-09-28,MET,96.56,8.83,9.06,18.5,10.932,10.663,9.887,10.932,61361651712
2026-09-28,META,717.56,20.52,21.54,27.05,34.967,33.306,31.213,34.032,1827982147584
2026-09-28,MGM,32.32,15.64,16.76,19.59,2.066,1.928,1.794,1.975,8269111808
2026-09-28,MKC,48.02,14.57,14.73,7.99,3.296,3.26,3.087,3.296,12910225408
2026-09-28,MLM,484.88,21.7,23.96,31.49,22.341,20.24,17.045,21.347,34436235264
2026-09-28,MMM,168.65,17.21,17.61,29.95,9.799,9.577,8.938,9.799,86974013440
2026-09-28,MNST,41.91,32.02,33.05,38.81,1.309,1.268,1.151,1.309,82113658880
2026-09-28,MO,69.05,11.78,11.87,14.54,5.864,5.816,5.677,5.864,115295821824
2026-09-28,MOS,22.27,14.24,17.64,,1.564,1.263,0.393,1.564,7081125376
2026-09-28,MPC,391.51,8.31,7.93,13.57,47.134,49.348,55.735,47.134,109945200640
2026-09-28,MPWR,1330.67,38.16,40.38,81.09,34.871,32.956,27.431,34.871,65393119232
2026-09-28,MRK,148.56,15.58,19.08,118.85,9.533,7.785,2.741,9.533,366535344128
2026-09-28,MRNA,195.94,-43.84,,,-4.469,-5.713,-8.383,-4.787,78226284544
2026-09-28,MRSH,169.06,14.82,15.14,20.62,11.41,11.164,10.452,11.41,80679723008
2026-09-28,MRVL,250.97,37.08,42.64,83.38,6.769,5.886,4.211,6.757,225548075008
2026-09-28,MS,193.64,14.22,14.38,15.63,13.616,13.468,12.924,13.656,304124461056
2026-09-28,MSCI,541.81,24.08,24.86,29.59,22.502,21.791,19.74,22.502,39389585408
2026-09-28,MSFT,509.55,21.52,24.58,28.37,23.676,20.727,19.76,23.676,3783649918976
2026-09-28,MSI,455.03,23.42,23.96,35.83,19.431,18.992,17.725,19.431,75304624128
2026-09-28,MSTR,156.44,3.16,38.16,,49.49,4.1,-21.939,13.123,62148755456
2026-09-28,MTB,220.59,10.46,10.69,11.68,21.092,20.637,19.327,21.092,31856797696
2026-09-28,MTD,1520.46,29.41,30.06,34.33,51.695,50.574,47.339,51.695,30464786432
2026-09-28,MTSI,275.75,32.89,32.54,87.82,8.384,8.474,5.512,8.49,21058902016
2026-09-28,MU,1041.1,6.47,6.5,23.52,161.024,160.186,73.656,160.186,1175811129344
2026-09-28,NBIS,231.4,-66.22,,,-3.495,-4.486,-2.34,-5.229,62907297792
2026-09-28,NCLH,14.23,8.52,8.7,8.63,1.67,1.636,1.537,1.67,6536538624
2026-09-28,NDAQ,92.48,19.76,20.37,26.96,4.679,4.539,4.135,4.679,51697020928
2026-09-28,NDSN,325.61,25.08,25.26,32.99,12.983,12.889,11.946,12.983,18135992320
2026-09-28,NEE,75.3,17.14,17.49,16.92,4.394,4.305,4.05,4.394,157067280384
2026-09-28,NEM,116.18,11.34,11.65,14.65,10.242,9.976,9.209,10.242,122413015040
2026-09-28,NFLX,69.25,18.16,18.46,21.78,3.813,3.751,3.584,3.809,288373637120
2026-09-28,NI,39.19,17.39,17.8,20.85,2.253,2.201,2.052,2.253,18793959424
2026-09-28,NKE,36.02,16.59,19.85,17.15,2.172,1.815,1.669,2.113,53443043328
2026-09-28,NOC,511.12,16.78,16.99,16.25,30.467,30.076,28.996,30.45,72611741696
2026-09-28,NOW,130.81,26.13,27.46,81.76,5.006,4.764,4.067,5.006,135244660736
2026-09-28,NRG,98.22,8.78,9.28,25.58,11.189,10.583,8.833,11.189,20646873088
2026-09-28,NSC,312.56,21.83,22.38,26.69,14.315,13.968,12.967,14.315,70203588608
2026-09-28,NTAP,202.92,18.25,19.39,28.66,11.121,10.468,10.006,11.121,39857344512
2026-09-28,NTRS,174.5,13.72,13.82,15.0,12.715,12.627,12.727,12.593,31925760000
2026-09-28,NUE,244.41,12.36,12.46,19.49,19.777,19.623,19.18,19.777,55449550848
2026-09-28,NVDA,229.74,14.65,17.02,29.08,15.683,13.501,9.307,15.683,5547531698176
2026-09-28,NVR,6283.81,15.69,16.11,16.33,400.617,390.173,360.035,400.617,16829004800
2026-09-28,NWS,31.72,20.98,23.2,30.8,1.512,1.367,1.32,1.512,17116715008
2026-09-28,NWSA,28.47,18.83,20.83,27.64,1.512,1.367,1.32,1.512,15362953216
2026-09-28,NXPI,235.49,13.01,13.6,20.11,18.095,17.314,15.059,18.095,59380879360
2026-09-28,O,55.25,35.58,35.83,40.33,1.553,1.542,1.51,1.553,52278546432
2026-09-28,ODFL,176.0,26.39,27.52,33.85,6.668,6.396,5.812,6.598,36603457536
2026-09-28,OKE,88.98,14.27,14.8,15.37,6.237,6.014,5.767,6.099,56096964608
2026-09-28,OMC,74.89,6.42,6.58,202.41,11.658,11.379,10.576,11.658,20545767424
2026-09-28,ON,74.7,16.49,17.84,49.47,4.529,4.187,3.202,4.529,29082099712
2026-09-28,ORCL,131.81,11.99,14.51,20.66,10.997,9.082,8.141,10.997,398543519744
2026-09-28,ORLY,86.24,23.61,24.26,27.38,3.652,3.554,3.28,3.649,69764775936
2026-09-28,OTIS,66.08,14.57,14.99,16.99,4.534,4.407,4.039,4.534,25152724992
2026-09-28,OXY,57.04,14.19,12.46,16.83,4.019,4.577,6.16,4.029,57019318272
2026-09-28,P,128.35,36.16,34.44,175.82,3.55,3.727,2.778,4.221,42769723392
2026-09-28,PANW,387.59,79.44,100.2,945.34,4.879,3.868,4.189,2.211,317048619008
2026-09-28,PAYX,100.36,15.71,16.45,19.91,6.389,6.102,5.961,6.389,35726200832
2026-09-28,PCAR,111.02,15.37,16.08,23.37,7.225,6.903,5.982,7.222,58434404352
2026-09-28,PCG,11.94,6.62,6.77,8.59,1.802,1.762,1.647,1.802,35833249792
2026-09-28,PDD,78.62,6.39,1.0,8.47,12.3,78.973,68.572,82.577,111907438592
2026-09-28,PEG,66.45,14.22,14.46,16.53,4.672,4.595,4.37,4.672,33120010240
2026-09-28,PEP,128.06,14.32,14.47,16.78,8.942,8.848,8.556,8.949,174936801280
2026-09-28,PFE,28.59,9.87,9.8,37.62,2.897,2.917,2.975,2.897,162982166528
2026-09-28,PFG,115.36,11.08,11.32,16.43,10.414,10.195,9.561,10.414,24699111424
2026-09-28,PG,147.93,19.99,20.88,22.35,7.4,7.084,6.98,7.4,343592894464
2026-09-28,PGR,207.49,0.21,0.27,10.41,1012.0,756.208,18.087,1012.0,120427200512
2026-09-28,PH,968.33,24.59,26.55,34.01,39.378,36.469,35.514,39.378,122117808128
2026-09-28,PHM,118.81,10.77,11.02,12.14,11.029,10.785,10.095,11.025,22631682048
2026-09-28,PKG,233.41,17.79,18.77,30.27,13.12,12.434,10.453,13.12,20796434432
2026-09-28,PLD,132.98,39.89,39.82,29.68,3.333,3.34,3.357,3.333,129268711424
2026-09-28,PLTR,188.4,81.1,87.93,159.66,2.323,2.143,1.612,2.327,452724195328
2026-09-28,PM,191.9,20.88,21.35,26.36,9.191,8.988,8.402,9.191,299097882624
2026-09-28,PNC,224.58,10.48,10.76,12.37,21.427,20.872,18.891,21.558,89594773504
2026-09-28,PNR,52.84,10.22,10.49,13.62,5.169,5.035,4.648,5.169,8432465920
2026-09-28,PNW,90.85,16.32,16.82,17.44,5.566,5.401,4.71,5.641,11010441216
2026-09-28,PODD,132.57,17.2,17.92,24.83,7.707,7.396,6.502,7.707,9194287104
2026-09-28,PPG,105.87,12.22,12.51,15.19,8.663,8.466,7.897,8.663,23534501888
2026-09-28,PPL,31.87,15.05,15.36,18.86,2.118,2.075,1.951,2.118,23983603712
2026-09-28,PRU,117.13,7.88,7.93,10.62,14.86,14.763,14.484,14.86,40409849856
2026-09-28,PSA,284.06,27.77,27.94,27.11,10.227,10.169,9.999,10.227,53078196224
2026-09-28,PSKY,10.15,12.01,13.23,338.5,0.846,0.768,0.542,0.846,11393358848
2026-09-28,PSX,255.1,10.23,9.91,14.56,24.948,25.752,28.071,24.948,102278520832
2026-09-28,PTC,139.37,15.61,15.61,13.53,8.93,8.926,8.205,8.93,15122516992
2026-09-28,PWR,639.32,32.33,33.66,72.98,19.774,18.994,16.743,19.774,96116785152
2026-09-28,PYPL,53.68,9.28,9.44,10.15,5.785,5.684,5.391,5.785,45921140736
2026-09-28,Q,124.11,23.08,23.99,44.17,5.378,5.174,4.585,5.378,25965918208
2026-09-28,QCOM,189.44,18.57,18.61,21.65,10.204,10.179,10.483,10.177,202333372416
2026-09-28,RCL,244.37,12.04,12.44,15.09,20.295,19.642,17.793,20.282,65355927552
2026-09-28,RDDT,146.52,15.12,22.09,34.07,9.687,6.634,5.378,7.068,28189937664
2026-09-28,REG,72.96,28.98,29.12,24.57,2.517,2.505,2.472,2.517,13640509440
2026-09-28,REGN,762.07,12.52,14.79,18.85,60.884,51.519,54.099,50.625,78458396672
2026-09-28,RF,27.36,9.62,9.8,11.12,2.844,2.791,2.636,2.844,23304531968
2026-09-28,RJF,159.33,11.22,11.23,13.9,14.197,14.186,12.128,14.197,30607292416
2026-09-28,RKLB,72.59,1593.39,,,0.046,-0.135,-0.274,-0.087,46418042880
2026-09-28,RL,351.49,16.81,17.66,22.16,20.914,19.898,18.898,20.914,20942561280
2026-09-28,RMD,218.62,16.52,17.68,20.96,13.23,12.368,12.086,13.23,31536437248
2026-09-28,ROK,429.49,28.87,28.88,40.21,14.879,14.87,13.229,14.879,47791439872
2026-09-28,ROL,29.91,23.15,23.69,27.19,1.292,1.263,1.171,1.294,14388654080
2026-09-28,ROP,351.29,14.41,14.75,14.64,24.379,23.823,22.218,24.379,34742886400
2026-09-28,ROST,233.57,26.12,26.32,28.28,8.942,8.876,8.72,8.956,74924843008
2026-09-28,RSG,213.99,26.55,27.23,30.31,8.059,7.857,7.276,8.059,65526521856
2026-09-28,RTX,188.34,23.99,24.48,33.16,7.851,7.695,7.243,7.851,253836754944
2026-09-28,RVTY,148.79,25.26,25.87,71.19,5.891,5.752,5.35,5.891,16602939392
2026-09-28,SBAC,164.45,20.09,20.4,17.74,8.184,8.063,7.711,8.184,17446189056
2026-09-28,SBUX,94.88,30.38,30.51,54.84,3.123,3.11,2.591,3.113,108163194880
2026-09-28,SCHW,98.56,12.59,13.17,17.95,7.83,7.485,6.487,7.83,170443325440
2026-09-28,SHOP,140.37,57.28,60.73,94.84,2.45,2.311,1.911,2.45,182151774208
2026-09-28,SHW,328.15,24.13,24.84,30.3,13.601,13.21,12.099,13.595,79661080576
2026-09-28,SITM,641.93,43.02,46.03,1069.88,14.921,13.947,11.135,14.921,19229345792
2026-09-28,SJM,121.0,11.08,12.03,56.81,10.922,10.055,10.773,9.04,12925604864
2026-09-28,SLB,51.5,15.91,16.91,25.12,3.238,3.046,2.494,3.238,76433375232
2026-09-28,SMCI,41.62,7.81,9.08,12.77,5.326,4.582,4.338,5.326,27339614208
2026-09-28,SNA,368.87,17.24,17.57,18.82,21.394,20.998,19.822,21.405,19080583168
2026-09-28,SNDK,1690.0,6.41,7.47,22.91,263.486,226.154,213.903,263.486,247448125440
2026-09-28,SNPS,419.12,23.69,24.0,72.89,17.693,17.462,15.139,17.693,80319709184
2026-09-28,SO,82.08,16.67,16.97,19.78,4.923,4.838,4.589,4.924,94421794816
2026-09-28,SOLV,88.72,12.27,12.31,10.85,7.23,7.208,7.144,7.23,15103099904
2026-09-28,SPCX,147.42,84.57,105.28,,1.743,1.4,0.066,1.863,1943258005504
2026-09-28,SPG,203.6,29.96,31.07,14.37,6.797,6.553,5.85,6.797,77292101632
2026-09-28,SPGI,398.32,19.7,20.31,24.27,20.219,19.615,17.873,20.219,117424734208
2026-09-28,SRE,77.13,13.93,14.21,22.36,5.536,5.426,5.109,5.536,50435334144
2026-09-28,STE,209.1,17.07,17.86,25.53,12.247,11.705,11.172,12.247,20386951168
2026-09-28,STLD,230.31,11.77,12.13,20.88,19.573,18.982,17.274,19.573,33009893376
2026-09-28,STT,180.06,11.75,12.08,15.89,15.324,14.903,13.69,15.324,49462796288
2026-09-28,STX,888.9,16.05,21.88,63.77,55.371,40.622,35.781,55.371,202129653760
2026-09-28,STZ,112.25,9.15,9.32,10.69,12.266,12.042,11.728,12.269,19173642240
2026-09-28,SW,45.17,13.17,14.91,48.05,3.431,3.03,1.872,3.431,23692699648
2026-09-28,SWK,88.7,13.91,14.36,21.69,6.375,6.176,5.602,6.375,13395175424
2026-09-28,SWKS,87.6,17.65,17.65,45.39,4.963,4.963,5.041,4.963,13181415424
2026-09-28,SYF,71.53,6.84,7.03,7.34,10.456,10.175,9.416,10.438,23273777152
2026-09-28,SYK,275.08,16.45,16.9,28.54,16.722,16.276,14.991,16.722,105513271296
2026-09-28,SYY,77.99,14.54,15.16,21.31,5.365,5.143,5.07,5.365,37401530368
2026-09-28,T,24.96,9.71,9.94,8.24,2.57,2.51,2.338,2.57,171014995968
2026-09-28,TDG,1102.06,22.79,22.81,33.47,48.358,48.319,41.203,48.358,60918050816
2026-09-28,TDY,607.79,22.7,23.15,29.36,26.776,26.251,24.738,26.776,28174512128
2026-09-28,TECH,72.53,31.45,34.71,62.52,2.306,2.089,2.018,2.306,11373243392
2026-09-28,TEL,215.12,16.65,16.66,21.07,12.917,12.909,11.455,12.917,62280081408
2026-09-28,TER,388.89,33.37,35.38,53.35,11.652,10.993,9.091,11.652,60799356928
2026-09-28,TFC,47.19,9.48,9.62,10.85,4.976,4.906,4.674,4.987,57642434560
2026-09-28,TGT,158.4,16.59,16.19,16.43,9.548,9.785,10.24,9.548,71958331392
2026-09-28,TJX,129.76,22.48,23.03,24.03,5.774,5.635,5.329,5.794,142732623872
2026-09-28,TKO,182.15,38.91,37.59,63.91,4.681,4.846,4.653,4.912,34475474944
2026-09-28,TMO,674.78,24.5,25.06,36.36,27.543,26.922,25.131,27.543,249498091520
2026-09-28,TMUS,165.64,11.47,12.61,17.33,14.437,13.138,10.947,13.897,177677320192
2026-09-28,TPL,340.37,4.65,33.83,43.41,73.12,10.061,9.303,10.324,23476912128
2026-09-28,TPR,112.96,12.69,13.77,15.54,8.9,8.202,7.973,8.9,22523283456
2026-09-28,TRGP,277.98,23.01,23.3,26.6,12.08,11.93,11.497,12.08,59606466560
2026-09-28,TRI,98.16,19.28,19.94,25.83,5.09,4.923,4.441,5.09,42525790208
2026-09-28,TRMB,56.87,13.75,14.16,,4.137,4.017,3.671,4.137,13260937216
2026-09-28,TROW,103.46,10.02,10.05,10.39,10.321,10.298,10.219,10.325,22069657600
2026-09-28,TRV,364.05,12.02,11.65,9.78,30.275,31.25,34.064,30.275,75931738112
2026-09-28,TSCO,31.66,15.46,15.84,16.49,2.048,1.999,1.873,2.043,16498736128
2026-09-28,TSEM,221.26,33.31,36.97,87.11,6.642,5.985,3.892,6.711,25009291264
2026-09-28,TSLA,359.94,165.65,174.98,333.27,2.173,2.057,1.752,2.163,1421580435456
2026-09-28,TSM,448.68,20.46,21.74,33.41,21.925,20.641,16.934,21.925,2327067230208
2026-09-28,TSN,50.96,12.35,12.35,31.46,4.128,4.126,3.706,4.128,17927804928
2026-09-28,TT,448.06,25.5,26.39,33.41,17.572,16.978,15.262,17.572,98582487040
2026-09-28,TTWO,201.33,19.56,56.68,,10.292,3.552,1.842,5.287,37645373440
2026-09-28,TXN,275.97,25.93,28.48,41.88,10.645,9.69,8.506,10.101,252028960768
2026-09-28,TXT,76.91,10.58,10.9,14.48,7.267,7.056,6.457,7.263,13227513856
2026-09-28,TYL,321.62,20.95,21.77,42.21,15.352,14.772,13.099,15.352,13171069952
2026-09-28,UAL,109.8,7.59,8.39,10.28,14.472,13.092,9.415,14.366,35636133888
2026-09-28,UBER,68.23,15.46,16.22,14.96,4.413,4.206,3.192,4.557,139374084096
2026-09-28,UDR,33.58,59.96,49.04,21.25,0.56,0.685,1.044,0.56,12334254080
2026-09-28,UHS,178.41,7.43,7.55,7.28,23.999,23.637,22.592,23.999,10514864128
2026-09-28,ULTA,542.83,16.92,17.54,19.75,32.087,30.949,28.953,31.987,23210039296
2026-09-28,UNH,375.02,16.59,17.12,24.12,22.61,21.904,19.867,22.61,336615997440
2026-09-28,UNP,273.7,19.3,19.71,22.16,14.18,13.889,13.063,14.175,162601435136
2026-09-28,UPS,92.97,11.52,11.85,17.28,8.07,7.847,7.205,8.07,79097159680
2026-09-28,URI,1034.25,18.04,18.72,24.88,57.318,55.251,49.287,57.318,64374444032
2026-09-28,USB,58.85,10.16,10.41,11.75,5.795,5.653,5.244,5.795,91699118080
2026-09-28,V,368.06,24.53,24.55,31.3,15.004,14.995,13.228,15.004,690979405824
2026-09-28,VEEV,279.63,27.28,28.24,45.92,10.251,9.903,9.235,10.251,45275381760
2026-09-28,VICI,23.2,7.76,7.92,8.99,2.99,2.928,2.75,2.99,25539491840
2026-09-28,VLO,389.55,10.24,9.62,16.25,38.04,40.498,47.588,38.04,112162136064
2026-09-28,VLTO,96.15,20.16,20.57,24.22,4.77,4.675,4.401,4.77,23440730112
2026-09-28,VMC,244.43,22.95,23.93,29.13,10.652,10.216,9.122,10.595,31672930304
2026-09-28,VMRK,60.63,41.16,41.08,23.23,1.473,1.476,1.484,1.473,46914228224
2026-09-28,VRSK,168.49,19.37,19.96,25.88,8.698,8.443,7.707,8.698,21930233856
2026-09-28,VRSN,282.47,25.54,26.82,30.64,11.062,10.53,9.581,10.86,25535287296
2026-09-28,VRT,243.66,26.71,28.54,55.0,9.122,8.537,6.734,9.161,93808140288
2026-09-28,VRTX,528.31,26.29,27.68,30.81,20.093,19.087,16.169,20.097,133905940480
2026-09-28,VST,136.57,13.18,13.46,23.03,10.366,10.147,9.473,10.381,45839376384
2026-09-28,VTR,87.28,110.49,124.71,158.7,0.79,0.7,0.44,0.79,44772524032
2026-09-28,VTRS,17.88,6.69,6.79,,2.673,2.633,2.517,2.673,20531060736
2026-09-28,VZ,46.57,8.82,8.93,12.13,5.281,5.215,5.026,5.28,193487880192
2026-09-28,WAB,289.11,23.21,24.0,38.91,12.456,12.047,10.866,12.456,48832970752
2026-09-28,WAT,435.1,26.29,27.13,110.15,16.547,16.039,14.575,16.547,42720174080
2026-09-28,WBD,30.86,495.98,,,0.062,-0.3,-1.125,-0.014,77370245120
2026-09-28,WDAY,189.88,14.35,15.2,38.99,13.233,12.495,11.076,13.233,45761081344
2026-09-28,WDC,439.18,13.83,19.12,16.32,31.75,22.972,20.091,31.75,158342365184
2026-09-28,WEC,101.22,16.87,17.15,19.65,5.999,5.902,5.597,6.007,32982474752
2026-09-28,WELL,233.85,73.54,75.37,105.34,3.18,3.103,2.88,3.18,168509374464
2026-09-28,WFC,81.66,10.27,10.43,11.87,7.95,7.826,7.316,8.003,246939795456
2026-09-28,WM,207.34,22.74,23.39,29.33,9.116,8.866,8.143,9.116,82874949632
2026-09-28,WMB,69.2,26.83,27.28,27.57,2.579,2.537,2.416,2.579,84643184640
2026-09-28,WMT,108.87,33.71,34.98,39.45,3.229,3.112,2.886,3.229,866396078080
2026-09-28,WRB,66.95,13.83,13.81,13.78,4.841,4.849,4.874,4.841,24855539712
2026-09-28,WSM,229.22,21.8,22.29,23.53,10.514,10.282,9.851,10.507,26997342208
2026-09-28,WST,373.81,37.44,38.46,47.8,9.983,9.72,8.962,9.983,26307162112
2026-09-28,WTW,291.23,12.74,13.19,18.04,22.854,22.082,19.856,22.854,27047094272
2026-09-28,WY,19.68,29.26,33.7,29.81,0.672,0.584,0.328,0.672,14180480000
2026-09-28,WYNN,80.29,15.58,16.84,19.25,5.152,4.768,4.702,4.791,8267783680
2026-09-28,XEL,69.0,15.2,15.57,18.9,4.54,4.431,4.115,4.54,43099766784
2026-09-28,XOM,163.18,14.73,14.44,21.0,11.076,11.304,11.96,11.076,670981750784
2026-09-28,XYL,101.31,16.22,16.62,24.12,6.246,6.096,5.665,6.246,23654549504
2026-09-28,XYZ,73.67,14.21,15.06,131.56,5.186,4.893,4.047,5.186,44263575552
2026-09-28,YUM,138.06,19.92,20.33,17.39,6.93,6.791,6.392,6.93,37676724224
2026-09-28,ZBH,90.98,10.03,10.19,22.08,9.067,8.93,8.534,9.067,17353316352
2026-09-28,ZBRA,364.99,16.44,16.65,33.42,22.2,21.922,21.039,22.228,17267681280
2026-09-28,ZTS,70.33,10.76,10.9,11.47,6.539,6.454,6.208,6.539,29063215104
